<?xml version="1.0" encoding="UTF-8"?> <!-- DB연결 -->
<!DOCTYPE configuration	PUBLIC "-//mybatis.org//DTD Config 3.0//EN"	"http://mybatis.org/dtd/mybatis-3-config.dtd">

<configuration>
	<typeAliases>
		<typeAlias type="model.DTO" alias="dto"/>
	</typeAliases>


<environments default="development">
		<environment id="development">
			<transactionManager type="JDBC" />
			<dataSource type="POOLED">
				<property name="driver" value="com.mysql.jdbc.Driver" />
				<property name="url" value="jdbc:mysql://localhost/gpteam?useSSL=false&amp;useUnicode=true&amp;characterEncoding=utf8" />
				<property name="username" value="root" />
				<property name="password" value="nicu0309" />
			</dataSource>
		</environment>
	</environments>
	
<mappers>
	<mapper resource="mybatis/mapper.xml"/>
</mappers>

</configuration>


