<?xml version="1.0" encoding="UTF-8"?> <!--db 구문 입력 -->
<!DOCTYPE mapper  PUBLIC "-//mybatis.org//DTD Mapper 3.0//EN" "http://mybatis.org/dtd/mybatis-3-mapper.dtd">

<mapper namespace="abc">
<select id="select" parameterType="String" resultType="DTO">select * from party where cate = #{cate} ; </select>
<select id="select_detail" parameterType="Integer" resultType="DTO">select * from party where pnum = #{pnum} ; </select>
<insert id="insert" parameterType="DTO">insert into party (name,email,phone,rname,addno,addr,addr1,addr2,pdate,pno,preprice,ptalk,cate,title,filename,ptime) values (#{name},#{email},#{phone},#{rname},#{addno},#{addr},#{addr1},#{addr2},#{pdate},#{pno},#{preprice},#{ptalk},#{cate},#{title},#{filename},#{ptime});</insert>
<delete id="delete" parameterType="DTO">delete from test where id=#{id} and nick=#{nick};</delete>
<update id="update" parameterType="DTO">update test set id=#{uid},nick=#{unick} where id=#{id} and nick=#{nick};</update>
<select id ="listcount" resultType = "Integer" >select count(*) from party</select>
</mapper>
